subset,num_modalities,condition,dice_wt,dice_tc,dice_et
all,4,eval_fixed_preKD,0.8983519711536548,0.8274482918201775,0.8392332072150446
all,4,eval_fixed_postKD,0.8996278502169758,0.8261508107729753,0.838948113115664
t1_t2_flair,3,original_buggy,0.8687035746999525,0.11050615008199823,0.04445208823093955
t1_t2_flair,3,eval_fixed_preKD,0.8686190079223084,0.2213770026736656,0.07162619952461187
t1_t2_flair,3,eval_fixed_postKD,0.8874491688424576,0.5997249197887933,0.46512281609201434
