{
  "source_checkpoint": "D:\\Zaryab\\3D Segmention-Brain Tumor\\SuperLightNet - Modified\\checkpoints\\leakage_safe\\best_patient_split.pth",
  "source_checkpoint_epoch": 68,
  "student_teacher_identical": true,
  "max_parameter_difference": 0.0,
  "teacher_full_stored": {
    "wt": 0.8616756111689011,
    "tc": 0.8342918984380353,
    "et": 0.7996586234953138
  },
  "teacher_full_reproduced": {
    "wt": 0.8616772105382933,
    "tc": 0.8342985799967046,
    "et": 0.799668937359359
  },
  "student_epoch0_drop_t1ce": {
    "wt": 0.8361767421421162,
    "tc": 0.21194527657916656,
    "et": 0.06074421770242417
  },
  "epoch0_selection_tc_et": 0.13634474714079536
}
