epoch,all_dice_wt,all_dice_tc,all_dice_et,all_mean,drop_t1ce_dice_wt,drop_t1ce_dice_tc,drop_t1ce_dice_et,drop_t1ce_tc_et,constraint_threshold,constraint_met,selected_best
0,0.8616772105382933,0.8342985799967046,0.799668937359359,0.8318815759647856,0.8361767421421162,0.21194527657916656,0.06074421770242417,0.13634474714079536,0.806925128685842,True,False
5,0.8637762138290863,0.8425482073600125,0.8072674935936776,0.8378639715942587,0.851554334996097,0.5009568542596764,0.3245610039231325,0.41275892909140444,0.806925128685842,True,True
10,0.8622719979080968,0.8390329849806393,0.804168734139123,0.835157905675953,0.8501421835584576,0.5309713289862767,0.3699139869951915,0.45044265799073413,0.806925128685842,True,True
15,0.8629708770897854,0.8385566663537587,0.8029074745878683,0.8348116726771374,0.851525374504345,0.5582559856129601,0.3882359838241063,0.4732459847185332,0.806925128685842,True,True
20,0.8623293009563967,0.8380325218689595,0.8033562295544113,0.8345726841265892,0.8518846263110875,0.56195772618677,0.39772512625082584,0.4798414262187979,0.806925128685842,True,True
25,0.8609589816466844,0.8347241216796613,0.7994982744683139,0.8317271259315531,0.8488891262567301,0.5550938077551336,0.3873898827003952,0.4712418452277644,0.806925128685842,True,False
30,0.8614092022794448,0.8360351256590735,0.8006349023300184,0.832693076756179,0.8501945043007874,0.5518470912140578,0.3918458401754103,0.4718464656947341,0.806925128685842,True,False
