epoch,all_dice_wt,all_dice_tc,all_dice_et,all_mean,drop_t1ce_dice_wt,drop_t1ce_dice_tc,drop_t1ce_dice_et,drop_t1ce_tc_et,constraint_threshold,constraint_met,selected_best
0,0.8616772105382933,0.8342985799967046,0.799668937359359,0.8318815759647856,0.8361767421421162,0.21194527657916656,0.06074421770242417,0.13634474714079536,0.806925128685842,True,False
5,0.8614789587319329,0.8391966919668811,0.8043837701188896,0.8350198069392345,0.84986053738762,0.5385891183787586,0.37109421866290787,0.4548416685208332,0.806925128685842,True,True
10,0.8625069945149217,0.8395690740917992,0.8044910049294308,0.835522357845384,0.8507196005213921,0.5291653818150637,0.3655884625103546,0.44737692216270913,0.806925128685842,True,False
15,0.8621977373754839,0.8371975602235697,0.8025732322210964,0.8339895099400501,0.8517395513085535,0.5552350293332762,0.38868565172142855,0.47196034052735236,0.806925128685842,True,True
20,0.8626687256627811,0.8409118036828053,0.8062515968797601,0.8366107087417821,0.8523977685194859,0.5819991653157112,0.4201912497479813,0.5010952075318462,0.806925128685842,True,True
25,0.8624532699087069,0.8402229923769614,0.8053953626578607,0.8360238749811764,0.8527130047821346,0.5889807696213353,0.42478851575523136,0.5068846426882834,0.806925128685842,True,True
30,0.860496749538555,0.8337461705597775,0.7994206764391238,0.8312211988458188,0.8496486360023984,0.5811196829222132,0.41712349625309136,0.4991215895876523,0.806925128685842,True,False
