epoch,all_dice_wt,all_dice_tc,all_dice_et,all_mean,drop_t1ce_dice_wt,drop_t1ce_dice_tc,drop_t1ce_dice_et,drop_t1ce_tc_et,constraint_threshold,constraint_met,selected_best
0,0.8616772105382933,0.8342985799967046,0.799668937359359,0.8318815759647856,0.8361767421421162,0.21194527657916656,0.06074421770242417,0.13634474714079536,0.806925128685842,True,False
5,0.8604307695670178,0.8384126055696467,0.8037572002295795,0.834200191788748,0.8486666833213631,0.5125804420069795,0.34381732101026086,0.4281988815086202,0.806925128685842,True,True
10,0.8601713910122787,0.8344662118870732,0.7983290607175334,0.8309888878722952,0.8486201535800013,0.5042443599247562,0.3447479842374873,0.4244961720811218,0.806925128685842,True,False
15,0.8615986900353874,0.8373493295915128,0.8012159931297138,0.8333880042522047,0.8488176619076808,0.5334761278745115,0.36752557592179064,0.45050085189815103,0.806925128685842,True,True
20,0.8611934134501465,0.8321180938304555,0.7960471215185282,0.8297862095997101,0.8502398741424156,0.5270597766543502,0.36386405131910804,0.44546191398672913,0.806925128685842,True,False
25,0.8616587796556415,0.837983310556455,0.802911927856819,0.8341846726896386,0.8501575119759422,0.5497981146007161,0.383402592499983,0.46660035355034957,0.806925128685842,True,True
30,0.8626028116299889,0.8381967258346122,0.8029375129858948,0.834579016816832,0.8529865531599646,0.5816133662259259,0.4229296518006202,0.502271509013273,0.806925128685842,True,True
